"Label (Grouping)","Maryland!!Estimate","Maryland!!Percent","Allegany County, Maryland!!Estimate","Allegany County, Maryland!!Percent","Anne Arundel County, Maryland!!Estimate","Anne Arundel County, Maryland!!Percent","Baltimore County, Maryland!!Estimate","Baltimore County, Maryland!!Percent","Calvert County, Maryland!!Estimate","Calvert County, Maryland!!Percent","Caroline County, Maryland!!Estimate","Caroline County, Maryland!!Percent","Carroll County, Maryland!!Estimate","Carroll County, Maryland!!Percent","Cecil County, Maryland!!Estimate","Cecil County, Maryland!!Percent","Charles County, Maryland!!Estimate","Charles County, Maryland!!Percent","Dorchester County, Maryland!!Estimate","Dorchester County, Maryland!!Percent","Frederick County, Maryland!!Estimate","Frederick County, Maryland!!Percent","Garrett County, Maryland!!Estimate","Garrett County, Maryland!!Percent","Harford County, Maryland!!Estimate","Harford County, Maryland!!Percent","Howard County, Maryland!!Estimate","Howard County, Maryland!!Percent","Kent County, Maryland!!Estimate","Kent County, Maryland!!Percent","Montgomery County, Maryland!!Estimate","Montgomery County, Maryland!!Percent","Prince George's County, Maryland!!Estimate","Prince George's County, Maryland!!Percent","Queen Anne's County, Maryland!!Estimate","Queen Anne's County, Maryland!!Percent","St. Mary's County, Maryland!!Estimate","St. Mary's County, Maryland!!Percent","Somerset County, Maryland!!Estimate","Somerset County, Maryland!!Percent","Talbot County, Maryland!!Estimate","Talbot County, Maryland!!Percent","Washington County, Maryland!!Estimate","Washington County, Maryland!!Percent","Wicomico County, Maryland!!Estimate","Wicomico County, Maryland!!Percent","Worcester County, Maryland!!Estimate","Worcester County, Maryland!!Percent","Baltimore city, Maryland!!Estimate","Baltimore city, Maryland!!Percent"
"SEX AND AGE","","","","","","","","","","","","","","","","","","","","","","","","","","","","","","","","","","","","","","","","","","","","","","","","","",""
"    Total population","5,696,423","5,696,423","74,638","74,638","527,020","527,020","799,195","799,195","87,891","87,891","32,805","32,805","167,208","167,208","100,139","100,139","143,912","143,912","32,287","32,287","229,205","229,205","30,145","30,145","242,888","242,888","279,366","279,366","20,018","20,018","947,230","947,230","854,722","854,722","46,945","46,945","102,086","102,086","26,411","26,411","37,361","37,361","146,329","146,329","96,951","96,951","51,133","51,133","620,538","620,538"
"    Male","2,754,058","48.3%","38,299","51.3%","260,859","49.5%","377,842","47.3%","43,332","49.3%","15,968","48.7%","82,729","49.5%","49,653","49.6%","69,666","48.4%","15,397","47.7%","112,729","49.2%","14,900","49.4%","118,873","48.9%","136,795","49.0%","9,647","48.2%","454,412","48.0%","409,834","47.9%","23,321","49.7%","50,948","49.9%","14,177","53.7%","17,713","47.4%","74,423","50.9%","46,306","47.8%","24,843","48.6%","291,392","47.0%"
"    Female","2,942,365","51.7%","36,339","48.7%","266,161","50.5%","421,353","52.7%","44,559","50.7%","16,837","51.3%","84,479","50.5%","50,486","50.4%","74,246","51.6%","16,890","52.3%","116,476","50.8%","15,245","50.6%","124,015","51.1%","142,571","51.0%","10,371","51.8%","492,818","52.0%","444,888","52.1%","23,624","50.3%","51,138","50.1%","12,234","46.3%","19,648","52.6%","71,906","49.1%","50,645","52.2%","26,290","51.4%","329,146","53.0%"
"    Under 5 years","365,093","6.4%","3,378","4.5%","33,835","6.4%","47,369","5.9%","5,083","5.8%","2,253","6.9%","9,562","5.7%","6,482","6.5%","9,604","6.7%","2,051","6.4%","15,314","6.7%","1,640","5.4%","15,219","6.3%","17,379","6.2%","924","4.6%","63,510","6.7%","59,498","7.0%","2,734","5.8%","7,442","7.3%","1,263","4.8%","1,842","4.9%","9,009","6.2%","6,137","6.3%","2,326","4.5%","41,239","6.6%"
"    5 to 9 years","365,680","6.4%","3,571","4.8%","34,169","6.5%","46,664","5.8%","6,543","7.4%","2,232","6.8%","11,345","6.8%","6,895","6.9%","11,069","7.7%","1,711","5.3%","15,788","6.9%","1,792","5.9%","16,622","6.8%","20,624","7.4%","880","4.4%","62,325","6.6%","55,149","6.5%","3,308","7.0%","7,489","7.3%","1,273","4.8%","2,034","5.4%","9,734","6.7%","5,754","5.9%","2,454","4.8%","36,255","5.8%"
"    10 to 14 years","382,067","6.7%","4,117","5.5%","33,800","6.4%","50,352","6.3%","7,411","8.4%","2,338","7.1%","13,463","8.1%","7,749","7.7%","10,820","7.5%","1,939","6.0%","17,582","7.7%","2,031","6.7%","18,312","7.5%","21,859","7.8%","1,097","5.5%","62,780","6.6%","57,810","6.8%","3,318","7.1%","7,427","7.3%","1,221","4.6%","2,116","5.7%","9,064","6.2%","6,250","6.4%","2,870","5.6%","36,341","5.9%"
"    15 to 19 years","412,041","7.2%","6,051","8.1%","35,145","6.7%","56,961","7.1%","7,055","8.0%","2,509","7.6%","12,914","7.7%","7,569","7.6%","11,311","7.9%","2,093","6.5%","16,649","7.3%","2,128","7.1%","17,370","7.2%","19,966","7.1%","1,571","7.8%","60,537","6.4%","68,833","8.1%","3,213","6.8%","7,965","7.8%","2,882","10.9%","2,131","5.7%","9,475","6.5%","8,463","8.7%","2,922","5.7%","46,328","7.5%"
"    20 to 24 years","381,611","6.7%","6,149","8.2%","34,923","6.6%","56,175","7.0%","4,545","5.2%","1,910","5.8%","9,177","5.5%","5,614","5.6%","8,506","5.9%","1,775","5.5%","12,953","5.7%","1,662","5.5%","13,873","5.7%","14,443","5.2%","1,636","8.2%","53,258","5.6%","65,868","7.7%","2,216","4.7%","6,961","6.8%","2,903","11.0%","1,807","4.8%","8,861","6.1%","9,184","9.5%","2,373","4.6%","54,839","8.8%"
"    25 to 34 years","740,163","13.0%","8,608","11.5%","68,811","13.1%","102,149","12.8%","8,285","9.4%","3,935","12.0%","15,378","9.2%","11,495","11.5%","16,991","11.8%","3,382","10.5%","26,972","11.8%","3,072","10.2%","27,625","11.4%","33,751","12.1%","1,856","9.3%","126,209","13.3%","124,549","14.6%","4,063","8.7%","12,774","12.5%","3,294","12.5%","3,366","9.0%","18,507","12.6%","11,848","12.2%","4,578","9.0%","98,665","15.9%"
"    35 to 44 years","833,033","14.6%","9,758","13.1%","79,500","15.1%","107,651","13.5%","14,142","16.1%","4,470","13.6%","26,162","15.6%","15,365","15.3%","24,679","17.1%","4,155","12.9%","36,748","16.0%","4,004","13.3%","36,540","15.0%","44,764","16.0%","2,156","10.8%","142,603","15.1%","129,136","15.1%","7,326","15.6%","15,397","15.1%","3,281","12.4%","4,450","11.9%","22,096","15.1%","12,135","12.5%","6,209","12.1%","80,306","12.9%"
"    45 to 54 years","882,486","15.5%","10,514","14.1%","83,760","15.9%","120,885","15.1%","15,710","17.9%","5,047","15.4%","28,592","17.1%","15,871","15.8%","23,203","16.1%","5,182","16.0%","37,478","16.4%","4,638","15.4%","39,668","16.3%","47,565","17.0%","2,857","14.3%","150,571","15.9%","125,789","14.7%","8,109","17.3%","16,023","15.7%","3,661","13.9%","5,468","14.6%","22,339","15.3%","13,812","14.2%","7,842","15.3%","87,902","14.2%"
"    55 to 59 years","363,895","6.4%","4,810","6.4%","33,514","6.4%","52,731","6.6%","5,758","6.6%","2,021","6.2%","10,741","6.4%","6,638","6.6%","8,359","5.8%","2,266","7.0%","13,945","6.1%","2,207","7.3%","16,177","6.7%","18,121","6.5%","1,465","7.3%","62,690","6.6%","52,436","6.1%","3,378","7.2%","5,875","5.8%","1,593","6.0%","2,522","6.8%","9,536","6.5%","5,967","6.2%","3,908","7.6%","37,237","6.0%"
"    60 to 64 years","293,074","5.1%","4,259","5.7%","29,550","5.6%","42,414","5.3%","4,404","5.0%","1,798","5.5%","9,222","5.5%","5,265","5.3%","6,784","4.7%","2,188","6.8%","11,554","5.0%","1,940","6.4%","12,643","5.2%","14,558","5.2%","1,401","7.0%","48,625","5.1%","39,267","4.6%","2,644","5.6%","4,726","4.6%","1,469","5.6%","3,122","8.4%","7,158","4.9%","5,048","5.2%","4,122","8.1%","28,913","4.7%"
"    65 to 74 years","362,224","6.4%","6,845","9.2%","34,029","6.5%","54,547","6.8%","5,034","5.7%","2,422","7.4%","11,020","6.6%","6,464","6.5%","7,672","5.3%","3,004","9.3%","12,865","5.6%","2,820","9.4%","16,240","6.7%","15,596","5.6%","2,130","10.6%","57,606","6.1%","46,657","5.5%","3,890","8.3%","5,792","5.7%","1,842","7.0%","4,604","12.3%","10,352","7.1%","6,485","6.7%","6,519","12.7%","37,789","6.1%"
"    75 to 84 years","225,847","4.0%","4,992","6.7%","19,701","3.7%","42,563","5.3%","2,901","3.3%","1,336","4.1%","6,873","4.1%","3,519","3.5%","3,550","2.5%","1,837","5.7%","7,834","3.4%","1,540","5.1%","9,547","3.9%","7,511","2.7%","1,421","7.1%","38,070","4.0%","23,151","2.7%","1,966","4.2%","3,007","2.9%","1,371","5.2%","2,896","7.8%","6,990","4.8%","4,239","4.4%","3,968","7.8%","25,064","4.0%"
"    85 years and over","89,209","1.6%","1,586","2.1%","6,283","1.2%","18,734","2.3%","1,020","1.2%","534","1.6%","2,759","1.7%","1,213","1.2%","1,364","0.9%","704","2.2%","3,523","1.5%","671","2.2%","3,052","1.3%","3,229","1.2%","624","3.1%","18,446","1.9%","6,579","0.8%","780","1.7%","1,208","1.2%","358","1.4%","1,003","2.7%","3,208","2.2%","1,629","1.7%","1,042","2.0%","9,660","1.6%"
"    Median age (years)","37.6","(X)","40.9","(X)","38.1","(X)","38.9","(X)","39.1","(X)","37.8","(X)","39.9","(X)","38.0","(X)","36.6","(X)","43.1","(X)","37.9","(X)","41.9","(X)","38.7","(X)","37.7","(X)","44.7","(X)","38.2","(X)","34.6","(X)","41.9","(X)","35.7","(X)","36.3","(X)","46.5","(X)","39.1","(X)","35.7","(X)","47.5","(X)","34.5","(X)"
"    18 years and over","4,334,331","76.1%","60,881","81.6%","403,193","76.5%","621,613","77.8%","64,048","72.9%","24,428","74.5%","124,381","74.4%","74,286","74.2%","104,927","72.9%","25,176","78.0%","169,833","74.1%","23,273","77.2%","181,317","74.7%","205,504","73.6%","16,452","82.2%","717,425","75.7%","644,338","75.4%","35,443","75.5%","75,030","73.5%","21,870","82.8%","29,984","80.3%","112,566","76.9%","74,991","77.3%","41,604","81.4%","481,768","77.6%"
"    21 years and over","4,092,159","71.8%","56,328","75.5%","382,849","72.6%","586,158","73.3%","60,923","69.3%","22,946","69.9%","117,812","70.5%","70,186","70.1%","99,151","68.9%","24,129","74.7%","161,399","70.4%","22,226","73.7%","172,441","71.0%","196,941","70.5%","14,941","74.6%","688,674","72.7%","598,724","70.0%","34,086","72.6%","70,134","68.7%","18,746","71.0%","28,667","76.7%","107,563","73.5%","68,021","70.2%","40,121","78.5%","448,993","72.4%"
"    62 years and over","838,513","14.7%","15,826","21.2%","76,536","14.5%","138,955","17.4%","11,561","13.2%","5,355","16.3%","25,418","15.2%","13,879","13.9%","16,411","11.4%","6,763","20.9%","30,592","13.3%","6,239","20.7%","35,556","14.6%","34,731","12.4%","5,088","25.4%","140,496","14.8%","97,162","11.4%","8,296","17.7%","12,536","12.3%","4,406","16.7%","10,551","28.2%","24,517","16.8%","15,251","15.7%","14,001","27.4%","88,387","14.2%"
"    65 years and over","677,280","11.9%","13,423","18.0%","60,013","11.4%","115,844","14.5%","8,955","10.2%","4,292","13.1%","20,652","12.4%","11,196","11.2%","12,586","8.7%","5,545","17.2%","24,222","10.6%","5,031","16.7%","28,839","11.9%","26,336","9.4%","4,175","20.9%","114,122","12.0%","76,387","8.9%","6,636","14.1%","10,007","9.8%","3,571","13.5%","8,503","22.8%","20,550","14.0%","12,353","12.7%","11,529","22.5%","72,513","11.7%"
"    18 years and over","4,334,331","4,334,331","60,881","60,881","403,193","403,193","621,613","621,613","64,048","64,048","24,428","24,428","124,381","124,381","74,286","74,286","104,927","104,927","25,176","25,176","169,833","169,833","23,273","23,273","181,317","181,317","205,504","205,504","16,452","16,452","717,425","717,425","644,338","644,338","35,443","35,443","75,030","75,030","21,870","21,870","29,984","29,984","112,566","112,566","74,991","74,991","41,604","41,604","481,768","481,768"
"    Male","2,058,936","47.5%","31,205","51.3%","197,580","49.0%","287,205","46.2%","31,161","48.7%","11,770","48.2%","60,692","48.8%","36,463","49.1%","49,835","47.5%","11,821","47.0%","82,216","48.4%","11,323","48.7%","87,342","48.2%","98,927","48.1%","7,851","47.7%","337,023","47.0%","302,349","46.9%","17,409","49.1%","37,280","49.7%","11,865","54.3%","14,083","47.0%","57,141","50.8%","35,142","46.9%","19,954","48.0%","221,299","45.9%"
"    Female","2,275,395","52.5%","29,676","48.7%","205,613","51.0%","334,408","53.8%","32,887","51.3%","12,658","51.8%","63,689","51.2%","37,823","50.9%","55,092","52.5%","13,355","53.0%","87,617","51.6%","11,950","51.3%","93,975","51.8%","106,577","51.9%","8,601","52.3%","380,402","53.0%","341,989","53.1%","18,034","50.9%","37,750","50.3%","10,005","45.7%","15,901","53.0%","55,425","49.2%","39,849","53.1%","21,650","52.0%","260,469","54.1%"
"    65 years and over","677,280","677,280","13,423","13,423","60,013","60,013","115,844","115,844","8,955","8,955","4,292","4,292","20,652","20,652","11,196","11,196","12,586","12,586","5,545","5,545","24,222","24,222","5,031","5,031","28,839","28,839","26,336","26,336","4,175","4,175","114,122","114,122","76,387","76,387","6,636","6,636","10,007","10,007","3,571","3,571","8,503","8,503","20,550","20,550","12,353","12,353","11,529","11,529","72,513","72,513"
"    Male","284,866","42.1%","5,656","42.1%","26,235","43.7%","47,121","40.7%","3,938","44.0%","1,864","43.4%","8,799","42.6%","5,092","45.5%","5,488","43.6%","2,422","43.7%","10,314","42.6%","2,240","44.5%","12,427","43.1%","11,500","43.7%","1,844","44.2%","47,500","41.6%","31,852","41.7%","3,147","47.4%","4,704","47.0%","1,601","44.8%","3,799","44.7%","8,659","42.1%","5,269","42.7%","5,223","45.3%","28,172","38.9%"
"    Female","392,414","57.9%","7,767","57.9%","33,778","56.3%","68,723","59.3%","5,017","56.0%","2,428","56.6%","11,853","57.4%","6,104","54.5%","7,098","56.4%","3,123","56.3%","13,908","57.4%","2,791","55.5%","16,412","56.9%","14,836","56.3%","2,331","55.8%","66,622","58.4%","44,535","58.3%","3,489","52.6%","5,303","53.0%","1,970","55.2%","4,704","55.3%","11,891","57.9%","7,084","57.3%","6,306","54.7%","44,341","61.1%"
"RACE","","","","","","","","","","","","","","","","","","","","","","","","","","","","","","","","","","","","","","","","","","","","","","","","","",""
"    Total population","5,696,423","5,696,423","74,638","74,638","527,020","527,020","799,195","799,195","87,891","87,891","32,805","32,805","167,208","167,208","100,139","100,139","143,912","143,912","32,287","32,287","229,205","229,205","30,145","30,145","242,888","242,888","279,366","279,366","20,018","20,018","947,230","947,230","854,722","854,722","46,945","46,945","102,086","102,086","26,411","26,411","37,361","37,361","146,329","146,329","96,951","96,951","51,133","51,133","620,538","620,538"
"    One race","5,564,167","97.7%","73,488","98.5%","511,609","97.1%","784,774","98.2%","86,005","97.9%","32,313","98.5%","165,079","98.7%","98,295","98.2%","139,668","97.1%","31,797","98.5%","224,063","97.8%","29,737","98.6%","238,378","98.1%","270,901","97.0%","19,667","98.2%","919,206","97.0%","833,596","97.5%","46,312","98.7%","99,013","97.0%","25,689","97.3%","36,413","97.5%","143,453","98.0%","95,207","98.2%","50,616","99.0%","608,888","98.1%"
"    Two or more races","132,256","2.3%","1,150","1.5%","15,411","2.9%","14,421","1.8%","1,886","2.1%","492","1.5%","2,129","1.3%","1,844","1.8%","4,244","2.9%","490","1.5%","5,142","2.2%","408","1.4%","4,510","1.9%","8,465","3.0%","351","1.8%","28,024","3.0%","21,126","2.5%","633","1.3%","3,073","3.0%","722","2.7%","948","2.5%","2,876","2.0%","1,744","1.8%","517","1.0%","11,650","1.9%"
"    One race","5,564,167","97.7%","73,488","98.5%","511,609","97.1%","784,774","98.2%","86,005","97.9%","32,313","98.5%","165,079","98.7%","98,295","98.2%","139,668","97.1%","31,797","98.5%","224,063","97.8%","29,737","98.6%","238,378","98.1%","270,901","97.0%","19,667","98.2%","919,206","97.0%","833,596","97.5%","46,312","98.7%","99,013","97.0%","25,689","97.3%","36,413","97.5%","143,453","98.0%","95,207","98.2%","50,616","99.0%","608,888","98.1%"
"        White","3,396,216","59.6%","66,952","89.7%","405,695","77.0%","530,978","66.4%","72,043","82.0%","26,350","80.3%","155,954","93.3%","90,725","90.6%","76,975","53.5%","22,014","68.2%","189,949","82.9%","29,476","97.8%","199,580","82.2%","181,227","64.9%","15,996","79.9%","553,079","58.4%","188,554","22.1%","41,747","88.9%","81,495","79.8%","14,300","54.1%","30,438","81.5%","125,967","86.1%","67,608","69.7%","42,690","83.5%","186,424","30.0%"
"        Black or African American","1,665,235","29.2%","5,324","7.1%","78,250","14.8%","202,016","25.3%","12,015","13.7%","4,402","13.4%","5,461","3.3%","5,797","5.8%","56,325","39.1%","8,962","27.8%","18,712","8.2%","92","0.3%","29,934","12.3%","47,000","16.8%","3,084","15.4%","160,362","16.9%","550,559","64.4%","3,363","7.2%","14,157","13.9%","10,661","40.4%","5,229","14.0%","14,105","9.6%","23,110","23.8%","7,194","14.1%","399,121","64.3%"
"        American Indian and Alaska Native","16,213","0.3%","121","0.2%","1,137","0.2%","2,014","0.3%","151","0.2%","156","0.5%","341","0.2%","244","0.2%","1,072","0.7%","97","0.3%","869","0.4%","59","0.2%","522","0.2%","596","0.2%","68","0.3%","2,867","0.3%","2,043","0.2%","164","0.3%","308","0.3%","113","0.4%","40","0.1%","435","0.3%","459","0.5%","127","0.2%","2,210","0.4%"
"            Cherokee tribal grouping","2,243","0.0%","58","0.1%","161","0.0%","312","0.0%","25","0.0%","7","0.0%","96","0.1%","52","0.1%","121","0.1%","41","0.1%","183","0.1%","6","0.0%","34","0.0%","83","0.0%","0","0.0%","218","0.0%","171","0.0%","0","0.0%","82","0.1%","83","0.3%","0","0.0%","40","0.0%","13","0.0%","37","0.1%","420","0.1%"
"            Chippewa tribal grouping","207","0.0%","0","0.0%","5","0.0%","52","0.0%","0","0.0%","0","0.0%","0","0.0%","0","0.0%","0","0.0%","0","0.0%","65","0.0%","0","0.0%","15","0.0%","0","0.0%","0","0.0%","16","0.0%","38","0.0%","0","0.0%","0","0.0%","0","0.0%","0","0.0%","6","0.0%","0","0.0%","0","0.0%","10","0.0%"
"            Navajo tribal grouping","456","0.0%","0","0.0%","21","0.0%","29","0.0%","0","0.0%","0","0.0%","0","0.0%","0","0.0%","0","0.0%","0","0.0%","66","0.0%","17","0.1%","0","0.0%","17","0.0%","0","0.0%","111","0.0%","12","0.0%","0","0.0%","10","0.0%","0","0.0%","0","0.0%","92","0.1%","0","0.0%","0","0.0%","81","0.0%"
"            Sioux tribal grouping","241","0.0%","0","0.0%","21","0.0%","90","0.0%","0","0.0%","0","0.0%","0","0.0%","0","0.0%","33","0.0%","0","0.0%","31","0.0%","0","0.0%","0","0.0%","17","0.0%","0","0.0%","0","0.0%","11","0.0%","0","0.0%","0","0.0%","9","0.0%","0","0.0%","7","0.0%","0","0.0%","0","0.0%","22","0.0%"
"        Asian","304,574","5.3%","501","0.7%","17,659","3.4%","38,033","4.8%","1,183","1.3%","210","0.6%","2,291","1.4%","1,142","1.1%","4,010","2.8%","301","0.9%","8,920","3.9%","65","0.2%","5,435","2.2%","37,235","13.3%","182","0.9%","130,622","13.8%","34,795","4.1%","342","0.7%","2,304","2.3%","235","0.9%","380","1.0%","1,885","1.3%","2,413","2.5%","440","0.9%","13,991","2.3%"
"            Asian Indian","76,617","1.3%","80","0.1%","3,803","0.7%","9,958","1.2%","306","0.3%","104","0.3%","782","0.5%","532","0.5%","829","0.6%","12","0.0%","2,449","1.1%","0","0.0%","1,270","0.5%","11,513","4.1%","82","0.4%","31,341","3.3%","8,700","1.0%","0","0.0%","252","0.2%","0","0.0%","30","0.1%","552","0.4%","922","1.0%","64","0.1%","3,036","0.5%"
"            Chinese","68,266","1.2%","276","0.4%","2,480","0.5%","6,552","0.8%","206","0.2%","0","0.0%","225","0.1%","141","0.1%","283","0.2%","39","0.1%","1,445","0.6%","36","0.1%","603","0.2%","7,287","2.6%","17","0.1%","38,534","4.1%","5,221","0.6%","57","0.1%","229","0.2%","9","0.0%","0","0.0%","437","0.3%","246","0.3%","61","0.1%","3,882","0.6%"
"            Filipino","41,722","0.7%","73","0.1%","3,228","0.6%","7,405","0.9%","232","0.3%","13","0.0%","290","0.2%","136","0.1%","1,726","1.2%","8","0.0%","1,066","0.5%","0","0.0%","1,554","0.6%","1,784","0.6%","13","0.1%","10,943","1.2%","9,598","1.1%","108","0.2%","947","0.9%","73","0.3%","173","0.5%","168","0.1%","163","0.2%","10","0.0%","2,011","0.3%"
"            Japanese","7,493","0.1%","0","0.0%","515","0.1%","544","0.1%","34","0.0%","12","0.0%","9","0.0%","89","0.1%","124","0.1%","0","0.0%","286","0.1%","0","0.0%","227","0.1%","475","0.2%","0","0.0%","3,721","0.4%","595","0.1%","50","0.1%","267","0.3%","0","0.0%","0","0.0%","57","0.0%","36","0.0%","0","0.0%","452","0.1%"
"            Korean","48,142","0.8%","14","0.0%","4,312","0.8%","5,383","0.7%","177","0.2%","38","0.1%","408","0.2%","230","0.2%","498","0.3%","53","0.2%","1,153","0.5%","0","0.0%","735","0.3%","11,100","4.0%","0","0.0%","18,166","1.9%","2,531","0.3%","40","0.1%","239","0.2%","104","0.4%","87","0.2%","226","0.2%","607","0.6%","36","0.1%","2,005","0.3%"
"            Vietnamese","24,703","0.4%","0","0.0%","1,800","0.3%","2,809","0.4%","129","0.1%","16","0.0%","327","0.2%","0","0.0%","144","0.1%","33","0.1%","418","0.2%","4","0.0%","553","0.2%","1,687","0.6%","27","0.1%","11,935","1.3%","3,400","0.4%","6","0.0%","223","0.2%","0","0.0%","0","0.0%","186","0.1%","191","0.2%","252","0.5%","563","0.1%"
"            Other Asian","37,631","0.7%","58","0.1%","1,521","0.3%","5,382","0.7%","99","0.1%","27","0.1%","250","0.1%","14","0.0%","406","0.3%","156","0.5%","2,103","0.9%","25","0.1%","493","0.2%","3,389","1.2%","43","0.2%","15,982","1.7%","4,750","0.6%","81","0.2%","147","0.1%","49","0.2%","90","0.2%","259","0.2%","248","0.3%","17","0.0%","2,042","0.3%"
"        Native Hawaiian and Other Pacific Islander","2,977","0.1%","24","0.0%","447","0.1%","518","0.1%","0","0.0%","215","0.7%","0","0.0%","49","0.0%","26","0.0%","8","0.0%","151","0.1%","0","0.0%","40","0.0%","71","0.0%","0","0.0%","424","0.0%","562","0.1%","0","0.0%","35","0.0%","7","0.0%","74","0.2%","56","0.0%","11","0.0%","133","0.3%","126","0.0%"
"            Native Hawaiian","728","0.0%","0","0.0%","157","0.0%","90","0.0%","0","0.0%","0","0.0%","0","0.0%","0","0.0%","14","0.0%","8","0.0%","21","0.0%","0","0.0%","15","0.0%","0","0.0%","0","0.0%","159","0.0%","65","0.0%","0","0.0%","11","0.0%","0","0.0%","0","0.0%","0","0.0%","0","0.0%","123","0.2%","65","0.0%"
"            Guamanian or Chamorro","1,328","0.0%","0","0.0%","78","0.0%","190","0.0%","0","0.0%","160","0.5%","0","0.0%","49","0.0%","12","0.0%","0","0.0%","9","0.0%","0","0.0%","0","0.0%","61","0.0%","0","0.0%","234","0.0%","352","0.0%","0","0.0%","24","0.0%","7","0.0%","74","0.2%","56","0.0%","11","0.0%","0","0.0%","11","0.0%"
"            Samoan","131","0.0%","14","0.0%","0","0.0%","0","0.0%","0","0.0%","0","0.0%","0","0.0%","0","0.0%","0","0.0%","0","0.0%","40","0.0%","0","0.0%","25","0.0%","0","0.0%","0","0.0%","0","0.0%","41","0.0%","0","0.0%","0","0.0%","0","0.0%","0","0.0%","0","0.0%","0","0.0%","0","0.0%","11","0.0%"
"            Other Pacific Islander","790","0.0%","10","0.0%","212","0.0%","238","0.0%","0","0.0%","55","0.2%","0","0.0%","0","0.0%","0","0.0%","0","0.0%","81","0.0%","0","0.0%","0","0.0%","10","0.0%","0","0.0%","31","0.0%","104","0.0%","0","0.0%","0","0.0%","0","0.0%","0","0.0%","0","0.0%","0","0.0%","10","0.0%","39","0.0%"
"        Some other race","178,952","3.1%","566","0.8%","8,421","1.6%","11,215","1.4%","613","0.7%","980","3.0%","1,032","0.6%","338","0.3%","1,260","0.9%","415","1.3%","5,462","2.4%","45","0.1%","2,867","1.2%","4,772","1.7%","337","1.7%","71,852","7.6%","57,083","6.7%","696","1.5%","714","0.7%","373","1.4%","252","0.7%","1,005","0.7%","1,606","1.7%","32","0.1%","7,016","1.1%"
"    Two or more races","132,256","2.3%","1,150","1.5%","15,411","2.9%","14,421","1.8%","1,886","2.1%","492","1.5%","2,129","1.3%","1,844","1.8%","4,244","2.9%","490","1.5%","5,142","2.2%","408","1.4%","4,510","1.9%","8,465","3.0%","351","1.8%","28,024","3.0%","21,126","2.5%","633","1.3%","3,073","3.0%","722","2.7%","948","2.5%","2,876","2.0%","1,744","1.8%","517","1.0%","11,650","1.9%"
"        White and Black or African American","40,495","0.7%","585","0.8%","4,605","0.9%","4,415","0.6%","724","0.8%","297","0.9%","487","0.3%","874","0.9%","1,397","1.0%","163","0.5%","2,089","0.9%","218","0.7%","1,149","0.5%","2,603","0.9%","156","0.8%","6,385","0.7%","6,392","0.7%","240","0.5%","1,088","1.1%","438","1.7%","323","0.9%","1,382","0.9%","931","1.0%","83","0.2%","3,471","0.6%"
"        White and American Indian and Alaska Native","16,524","0.3%","195","0.3%","2,616","0.5%","2,119","0.3%","500","0.6%","51","0.2%","426","0.3%","437","0.4%","354","0.2%","116","0.4%","531","0.2%","86","0.3%","613","0.3%","580","0.2%","59","0.3%","2,388","0.3%","2,211","0.3%","103","0.2%","490","0.5%","85","0.3%","251","0.7%","424","0.3%","225","0.2%","154","0.3%","1,510","0.2%"
"        White and Asian","26,529","0.5%","108","0.1%","3,003","0.6%","2,580","0.3%","297","0.3%","36","0.1%","699","0.4%","227","0.2%","941","0.7%","25","0.1%","1,032","0.5%","9","0.0%","1,224","0.5%","2,603","0.9%","0","0.0%","8,324","0.9%","2,088","0.2%","253","0.5%","757","0.7%","16","0.1%","91","0.2%","407","0.3%","155","0.2%","93","0.2%","1,561","0.3%"
"        Black or African American and American Indian and Alaska Native","10,708","0.2%","38","0.1%","1,329","0.3%","1,148","0.1%","25","0.0%","36","0.1%","47","0.0%","103","0.1%","398","0.3%","50","0.2%","233","0.1%","12","0.0%","190","0.1%","538","0.2%","8","0.0%","683","0.1%","3,168","0.4%","14","0.0%","232","0.2%","33","0.1%","87","0.2%","77","0.1%","88","0.1%","11","0.0%","2,160","0.3%"
"    Race alone or in combination with one or more other races","","","","","","","","","","","","","","","","","","","","","","","","","","","","","","","","","","","","","","","","","","","","","","","","","",""
"        Total population","5,696,423","5,696,423","74,638","74,638","527,020","527,020","799,195","799,195","87,891","87,891","32,805","32,805","167,208","167,208","100,139","100,139","143,912","143,912","32,287","32,287","229,205","229,205","30,145","30,145","242,888","242,888","279,366","279,366","20,018","20,018","947,230","947,230","854,722","854,722","46,945","46,945","102,086","102,086","26,411","26,411","37,361","37,361","146,329","146,329","96,951","96,951","51,133","51,133","620,538","620,538"
"    White","3,502,291","61.5%","68,014","91.1%","417,996","79.3%","542,566","67.9%","73,826","84.0%","26,800","81.7%","157,804","94.4%","92,427","92.3%","80,309","55.8%","22,422","69.4%","194,475","84.8%","29,872","99.1%","203,380","83.7%","188,508","67.5%","16,339","81.6%","576,410","60.9%","202,847","23.7%","42,348","90.2%","84,315","82.6%","14,893","56.4%","31,165","83.4%","128,487","87.8%","69,258","71.4%","43,196","84.5%","194,634","31.4%"
"    Black or African American","1,737,112","30.5%","5,986","8.0%","86,468","16.4%","209,890","26.3%","12,917","14.7%","4,741","14.5%","6,305","3.8%","6,909","6.9%","59,114","41.1%","9,216","28.5%","21,637","9.4%","354","1.2%","31,790","13.1%","51,461","18.4%","3,248","16.2%","171,541","18.1%","564,899","66.1%","3,640","7.8%","15,854","15.5%","11,211","42.4%","5,808","15.5%","15,827","10.8%","24,197","25.0%","7,288","14.3%","406,811","65.6%"
"    American Indian and Alaska Native","51,952","0.9%","364","0.5%","5,465","1.0%","6,287","0.8%","917","1.0%","243","0.7%","875","0.5%","869","0.9%","2,219","1.5%","286","0.9%","1,792","0.8%","189","0.6%","1,560","0.6%","2,402","0.9%","145","0.7%","7,848","0.8%","9,169","1.1%","286","0.6%","1,208","1.2%","231","0.9%","443","1.2%","1,047","0.7%","820","0.8%","373","0.7%","6,914","1.1%"
"    Asian","345,757","6.1%","649","0.9%","22,459","4.3%","42,074","5.3%","1,664","1.9%","252","0.8%","3,163","1.9%","1,408","1.4%","5,364","3.7%","358","1.1%","10,510","4.6%","74","0.2%","7,082","2.9%","40,716","14.6%","182","0.9%","142,609","15.1%","40,079","4.7%","618","1.3%","3,378","3.3%","347","1.3%","501","1.3%","2,540","1.7%","2,574","2.7%","614","1.2%","16,542","2.7%"
"    Native Hawaiian and Other Pacific Islander","6,146","0.1%","109","0.1%","697","0.1%","803","0.1%","13","0.0%","215","0.7%","25","0.0%","89","0.1%","115","0.1%","36","0.1%","207","0.1%","0","0.0%","252","0.1%","271","0.1%","0","0.0%","1,544","0.2%","1,036","0.1%","0","0.0%","44","0.0%","7","0.0%","87","0.2%","109","0.1%","19","0.0%","133","0.3%","335","0.1%"
"    Some other race","197,963","3.5%","686","0.9%","10,201","1.9%","13,379","1.7%","673","0.8%","1,046","3.2%","1,249","0.7%","377","0.4%","1,595","1.1%","475","1.5%","6,143","2.7%","96","0.3%","3,630","1.5%","5,605","2.0%","465","2.3%","78,025","8.2%","60,440","7.1%","696","1.5%","775","0.8%","444","1.7%","370","1.0%","1,306","0.9%","1,895","2.0%","127","0.2%","8,265","1.3%"
"HISPANIC OR LATINO AND RACE","","","","","","","","","","","","","","","","","","","","","","","","","","","","","","","","","","","","","","","","","","","","","","","","","",""
"    Total population","5,696,423","5,696,423","74,638","74,638","527,020","527,020","799,195","799,195","87,891","87,891","32,805","32,805","167,208","167,208","100,139","100,139","143,912","143,912","32,287","32,287","229,205","229,205","30,145","30,145","242,888","242,888","279,366","279,366","20,018","20,018","947,230","947,230","854,722","854,722","46,945","46,945","102,086","102,086","26,411","26,411","37,361","37,361","146,329","146,329","96,951","96,951","51,133","51,133","620,538","620,538"
"    Hispanic or Latino (of any race)","429,946","7.5%","1,091","1.5%","28,930","5.5%","30,286","3.8%","2,404","2.7%","1,661","5.1%","4,085","2.4%","3,089","3.1%","5,959","4.1%","1,024","3.2%","15,554","6.8%","194","0.6%","7,996","3.3%","15,275","5.5%","822","4.1%","151,842","16.0%","119,265","14.0%","1,267","2.7%","3,623","3.5%","793","3.0%","1,800","4.8%","4,657","3.2%","4,044","4.2%","1,473","2.9%","22,812","3.7%"
"        Mexican","81,906","1.4%","327","0.4%","8,958","1.7%","7,192","0.9%","507","0.6%","682","2.1%","1,675","1.0%","640","0.6%","1,560","1.1%","386","1.2%","2,705","1.2%","100","0.3%","2,006","0.8%","3,772","1.4%","500","2.5%","13,839","1.5%","22,734","2.7%","527","1.1%","1,216","1.2%","270","1.0%","588","1.6%","811","0.6%","1,362","1.4%","1,076","2.1%","8,473","1.4%"
"        Puerto Rican","41,835","0.7%","318","0.4%","5,118","1.0%","4,775","0.6%","591","0.7%","132","0.4%","801","0.5%","1,444","1.4%","1,934","1.3%","378","1.2%","2,232","1.0%","37","0.1%","1,990","0.8%","1,999","0.7%","240","1.2%","6,983","0.7%","6,143","0.7%","216","0.5%","901","0.9%","212","0.8%","339","0.9%","1,215","0.8%","1,034","1.1%","14","0.0%","2,789","0.4%"
"        Cuban","9,330","0.2%","78","0.1%","702","0.1%","1,037","0.1%","46","0.1%","14","0.0%","48","0.0%","138","0.1%","168","0.1%","4","0.0%","489","0.2%","0","0.0%","158","0.1%","618","0.2%","13","0.1%","3,066","0.3%","1,312","0.2%","9","0.0%","46","0.0%","8","0.0%","21","0.1%","197","0.1%","105","0.1%","45","0.1%","1,008","0.2%"
"        Other Hispanic or Latino","296,875","5.2%","368","0.5%","14,152","2.7%","17,282","2.2%","1,260","1.4%","833","2.5%","1,561","0.9%","867","0.9%","2,297","1.6%","256","0.8%","10,128","4.4%","57","0.2%","3,842","1.6%","8,886","3.2%","69","0.3%","127,954","13.5%","89,076","10.4%","515","1.1%","1,460","1.4%","303","1.1%","852","2.3%","2,434","1.7%","1,543","1.6%","338","0.7%","10,542","1.7%"
"    Not Hispanic or Latino","5,266,477","92.5%","73,547","98.5%","498,090","94.5%","768,909","96.2%","85,487","97.3%","31,144","94.9%","163,123","97.6%","97,050","96.9%","137,953","95.9%","31,263","96.8%","213,651","93.2%","29,951","99.4%","234,892","96.7%","264,091","94.5%","19,196","95.9%","795,388","84.0%","735,457","86.0%","45,678","97.3%","98,463","96.5%","25,618","97.0%","35,561","95.2%","141,672","96.8%","92,907","95.8%","49,660","97.1%","597,726","96.3%"
"        White alone","3,179,571","55.8%","66,473","89.1%","388,267","73.7%","513,781","64.3%","70,495","80.2%","25,734","78.4%","153,067","91.5%","88,288","88.2%","73,268","50.9%","21,530","66.7%","181,041","79.0%","29,391","97.5%","194,666","80.1%","171,694","61.5%","15,577","77.8%","482,754","51.0%","135,276","15.8%","41,200","87.8%","78,872","77.3%","13,995","53.0%","29,755","79.6%","123,314","84.3%","65,803","67.9%","41,358","80.9%","173,972","28.0%"
"        Black or African American alone","1,645,250","28.9%","5,226","7.0%","76,575","14.5%","199,991","25.0%","11,816","13.4%","4,327","13.2%","5,416","3.2%","5,515","5.5%","55,713","38.7%","8,856","27.4%","18,318","8.0%","92","0.3%","29,441","12.1%","46,125","16.5%","3,084","15.4%","156,096","16.5%","545,084","63.8%","3,352","7.1%","14,027","13.7%","10,603","40.1%","4,865","13.0%","13,577","9.3%","22,814","23.5%","7,194","14.1%","397,143","64.0%"
"        American Indian and Alaska Native alone","11,486","0.2%","121","0.2%","912","0.2%","1,798","0.2%","134","0.2%","156","0.5%","298","0.2%","235","0.2%","964","0.7%","97","0.3%","595","0.3%","46","0.2%","522","0.2%","552","0.2%","0","0.0%","1,272","0.1%","1,261","0.1%","152","0.3%","228","0.2%","113","0.4%","40","0.1%","348","0.2%","194","0.2%","109","0.2%","1,339","0.2%"
"        Asian alone","302,407","5.3%","501","0.7%","17,488","3.3%","37,844","4.7%","1,183","1.3%","210","0.6%","2,291","1.4%","1,086","1.1%","3,909","2.7%","301","0.9%","8,893","3.9%","65","0.2%","5,298","2.2%","37,014","13.2%","182","0.9%","129,852","13.7%","34,464","4.0%","321","0.7%","2,293","2.2%","206","0.8%","380","1.0%","1,837","1.3%","2,398","2.5%","440","0.9%","13,951","2.2%"
"        Native Hawaiian and Other Pacific Islander alone","2,223","0.0%","24","0.0%","438","0.1%","346","0.0%","0","0.0%","215","0.7%","0","0.0%","26","0.0%","14","0.0%","8","0.0%","151","0.1%","0","0.0%","40","0.0%","61","0.0%","0","0.0%","335","0.0%","204","0.0%","0","0.0%","35","0.0%","0","0.0%","0","0.0%","56","0.0%","11","0.0%","133","0.3%","126","0.0%"
"        Some other race alone","15,391","0.3%","191","0.3%","1,010","0.2%","2,621","0.3%","53","0.1%","105","0.3%","212","0.1%","165","0.2%","251","0.2%","19","0.1%","542","0.2%","0","0.0%","931","0.4%","1,429","0.5%","110","0.5%","4,296","0.5%","2,054","0.2%","23","0.0%","88","0.1%","59","0.2%","41","0.1%","78","0.1%","226","0.2%","0","0.0%","887","0.1%"
"        Two or more races","110,149","1.9%","1,011","1.4%","13,400","2.5%","12,528","1.6%","1,806","2.1%","397","1.2%","1,839","1.1%","1,735","1.7%","3,834","2.7%","452","1.4%","4,111","1.8%","357","1.2%","3,994","1.6%","7,216","2.6%","243","1.2%","20,783","2.2%","17,114","2.0%","630","1.3%","2,920","2.9%","642","2.4%","480","1.3%","2,462","1.7%","1,461","1.5%","426","0.8%","10,308","1.7%"
"            Two races including Some other race","4,805","0.1%","10","0.0%","673","0.1%","798","0.1%","10","0.0%","0","0.0%","20","0.0%","13","0.0%","88","0.1%","54","0.2%","74","0.0%","0","0.0%","292","0.1%","175","0.1%","20","0.1%","1,233","0.1%","724","0.1%","0","0.0%","14","0.0%","0","0.0%","0","0.0%","105","0.1%","6","0.0%","4","0.0%","492","0.1%"
"            Two races excluding Some other race, and Three or more races","105,344","1.8%","1,001","1.3%","12,727","2.4%","11,730","1.5%","1,796","2.0%","397","1.2%","1,819","1.1%","1,722","1.7%","3,746","2.6%","398","1.2%","4,037","1.8%","357","1.2%","3,702","1.5%","7,041","2.5%","223","1.1%","19,550","2.1%","16,390","1.9%","630","1.3%","2,906","2.8%","642","2.4%","480","1.3%","2,357","1.6%","1,455","1.5%","422","0.8%","9,816","1.6%"
"    Total housing units","2,354,870","(X)","33,256","(X)","209,626","(X)","333,175","(X)","33,220","(X)","13,427","(X)","62,027","(X)","40,529","(X)","53,586","(X)","16,347","(X)","88,435","(X)","18,666","(X)","94,798","(X)","106,927","(X)","10,424","(X)","371,761","(X)","325,165","(X)","19,824","(X)","40,541","(X)","11,007","(X)","19,257","(X)","60,460","(X)","40,626","(X)","55,171","(X)","296,615","(X)"